{
  "trained_at": "2026-06-03 01:11:23",
  "epochs_run": 8,
  "best_val_metric": 0.6781579068894001,
  "test_metrics": {
    "loss": 1.2333822611740457,
    "acc": 0.4546857557660752,
    "f1": 0.23011717055742206,
    "auc": 0.49760580507765156,
    "mae": 0.07408586889505386
  },
  "feat_dim": 25,
  "win": 60,
  "n_classes": 4,
  "lambda_reg": 0.5,
  "class_weights": [
    1.3088003396987915,
    0.41597864031791687,
    0.4868731200695038,
    1.7883479595184326
  ]
}