{"mean": [0.0, 0.0, 0.2119932323694229, 0.2119932323694229, 0.2119932323694229, 0.2119932323694229, 0.15202714502811432, 0.20000004768371582, 0.04541638493537903, 105.63479614257812, 29.101388931274414, 51.19244384765625, 4.919025421142578, 1.0, 27012.001953125, 15435.4326171875, 7717.71630859375, 6174.1728515625, 5402.4013671875, 4630.62890625, 3858.858154296875, 3087.08642578125, 22.823843002319336, 36.27600860595703, 0.0], "std": [1.0, 1.0, 0.03746702894568443, 0.03746702894568443, 0.03746702894568443, 0.03746702894568443, 0.14986811578273773, 1.0, 0.04907779023051262, 1.9296900033950806, 12.86460018157959, 22.068002700805664, 1.6737030744552612, 1.0, 4183.0458984375, 2390.312255859375, 1195.1561279296875, 956.1248168945312, 836.6092529296875, 717.0936279296875, 597.5780639648438, 478.0624084472656, 11.951560974121094, 17.47006607055664, 1.0]}